Customer_ID,Product,Date_of_Purchase,Frequency,Annual_Income,Gender,Age_Group,Region,Price,Category,Brand,Days_Since_Last_Purchase,Gender_Label,Age_Group_Label,Region_Label,Category_Label,Brand_Label
CUST_038,PROD_004,2024-02-15,1,70000,Female,26-35,East,666.04,Electronics,BrandA,464,0,1,0,1,0
CUST_028,PROD_006,2024-02-03,3,70000,Male,36-45,West,101.36,Sports,BrandA,476,1,2,3,3,0
CUST_014,PROD_003,2024-03-18,2,30000,Female,18-25,East,600.36,Electronics,BrandA,432,0,0,0,1,0
CUST_042,PROD_000,2024-08-05,4,30000,Female,46-55,North,554.09,Electronics,BrandD,292,0,3,1,1,3
CUST_007,PROD_013,2024-10-27,5,50000,Male,26-35,East,901.32,Home,BrandC,209,1,1,0,2,2
CUST_020,PROD_013,2024-03-13,1,70000,Male,36-45,South,410.2,Electronics,BrandA,437,1,2,2,1,0
CUST_038,PROD_004,2024-10-08,5,70000,Male,18-25,East,327.87,Home,BrandA,228,1,0,0,2,0
CUST_018,PROD_006,2024-09-05,2,30000,Male,18-25,East,752.35,Sports,BrandD,261,1,0,0,3,3
CUST_022,PROD_009,2024-02-16,5,70000,Male,46-55,North,418.55,Sports,BrandC,463,1,3,1,3,2
CUST_010,PROD_009,2024-04-30,1,90000,Male,36-45,East,649.64,Electronics,BrandA,389,1,2,0,1,0
CUST_010,PROD_005,2024-08-01,2,30000,Female,26-35,East,649.99,Clothing,BrandB,296,0,1,0,0,1
CUST_023,PROD_004,2024-08-26,5,50000,Female,46-55,West,889.16,Home,BrandD,271,0,3,3,2,3
CUST_035,PROD_003,2024-02-25,4,30000,Female,26-35,West,602.71,Home,BrandA,454,0,1,3,2,0
CUST_039,PROD_001,2024-12-15,2,70000,Male,18-25,South,507.13,Electronics,BrandA,160,1,0,2,1,0
CUST_023,PROD_003,2024-04-16,2,50000,Female,26-35,West,147.48,Home,BrandB,403,0,1,3,2,1
CUST_002,PROD_014,2024-11-14,4,30000,Female,26-35,West,124.58,Home,BrandB,191,0,1,3,2,1
CUST_021,PROD_009,2024-02-17,3,90000,Female,46-55,West,162.78,Clothing,BrandD,462,0,3,3,0,3
CUST_001,PROD_009,2024-03-01,1,90000,Female,26-35,West,180.13,Clothing,BrandD,449,0,1,3,0,3
CUST_023,PROD_002,2024-12-02,3,30000,Female,46-55,North,641.5,Electronics,BrandB,173,0,3,1,1,1
CUST_043,PROD_009,2024-01-26,5,90000,Male,18-25,West,743.57,Clothing,BrandD,484,1,0,3,0,3
CUST_029,PROD_000,2024-10-18,4,90000,Male,46-55,North,534.69,Electronics,BrandB,218,1,3,1,1,1
CUST_037,PROD_007,2024-09-13,3,90000,Female,46-55,North,830.73,Sports,BrandA,253,0,3,1,3,0
CUST_001,PROD_004,2024-01-08,2,50000,Female,36-45,West,991.35,Electronics,BrandB,502,0,2,3,1,1
CUST_020,PROD_012,2024-04-22,5,90000,Female,26-35,East,821.81,Sports,BrandB,397,0,1,0,3,1
CUST_032,PROD_003,2024-12-20,5,90000,Male,18-25,North,697.93,Electronics,BrandC,155,1,0,1,1,2
CUST_011,PROD_007,2024-09-09,3,90000,Male,46-55,East,537.17,Home,BrandB,257,1,3,0,2,1
CUST_021,PROD_006,2024-06-28,3,50000,Female,18-25,East,454.36,Clothing,BrandB,330,0,0,0,0,1
CUST_043,PROD_001,2024-07-25,4,30000,Male,36-45,West,93.55,Sports,BrandC,303,1,2,3,3,2
CUST_024,PROD_000,2024-10-29,1,70000,Male,26-35,South,405.38,Electronics,BrandD,207,1,1,2,1,3
CUST_048,PROD_011,2024-05-06,3,90000,Female,46-55,West,911.03,Clothing,BrandC,383,0,3,3,0,2
CUST_026,PROD_010,2024-02-25,3,30000,Male,26-35,South,809.94,Electronics,BrandA,454,1,1,2,1,0
CUST_041,PROD_003,2024-08-01,2,90000,Male,36-45,South,223.89,Clothing,BrandC,296,1,2,2,0,2
CUST_027,PROD_007,2024-01-14,5,50000,Female,36-45,West,471.94,Clothing,BrandA,496,0,2,3,0,0
CUST_015,PROD_011,2024-01-28,1,30000,Male,18-25,West,818.56,Electronics,BrandD,482,1,0,3,1,3
CUST_014,PROD_001,2024-03-18,2,50000,Male,46-55,South,76.71,Sports,BrandC,432,1,3,2,3,2
CUST_046,PROD_002,2024-08-03,4,90000,Female,18-25,West,393.52,Sports,BrandC,294,0,0,3,3,2
CUST_043,PROD_011,2024-12-30,4,90000,Male,36-45,South,853.32,Home,BrandD,145,1,2,2,2,3
CUST_002,PROD_000,2024-06-02,3,50000,Male,26-35,East,409.86,Clothing,BrandA,356,1,1,0,0,0
CUST_036,PROD_000,2024-01-14,3,70000,Female,18-25,West,86.84,Home,BrandC,496,0,0,3,2,2
CUST_006,PROD_012,2024-07-05,4,50000,Female,18-25,East,547.11,Home,BrandA,323,0,0,0,2,0
CUST_020,PROD_002,2024-11-07,3,90000,Female,26-35,North,863.13,Electronics,BrandC,198,0,1,1,1,2
CUST_008,PROD_010,2024-01-07,1,50000,Male,18-25,East,594.38,Electronics,BrandB,503,1,0,0,1,1
CUST_038,PROD_004,2024-01-03,3,70000,Female,26-35,East,234.02,Electronics,BrandC,507,0,1,0,1,2
CUST_017,PROD_011,2024-04-20,5,50000,Male,46-55,South,390.4,Clothing,BrandD,399,1,3,2,0,3
CUST_003,PROD_002,2024-08-25,3,70000,Female,26-35,East,455.62,Electronics,BrandD,272,0,1,0,1,3
CUST_024,PROD_000,2024-12-28,2,70000,Male,46-55,West,583.47,Electronics,BrandA,147,1,3,3,1,0
CUST_013,PROD_000,2024-08-26,1,50000,Female,26-35,South,761.76,Clothing,BrandC,271,0,1,2,0,2
CUST_049,PROD_007,2024-09-30,2,50000,Female,36-45,North,107.88,Clothing,BrandA,236,0,2,1,0,0
CUST_008,PROD_009,2024-10-20,2,30000,Female,36-45,West,890.76,Sports,BrandA,216,0,2,3,3,0
CUST_025,PROD_010,2024-08-14,5,90000,Female,46-55,North,22.19,Electronics,BrandB,283,0,3,1,1,1
CUST_001,PROD_011,2024-01-15,1,70000,Male,46-55,East,376.35,Electronics,BrandB,495,1,3,0,1,1
CUST_019,PROD_012,2024-07-10,1,30000,Female,36-45,West,37.15,Electronics,BrandD,318,0,2,3,1,3
CUST_027,PROD_012,2024-04-28,1,50000,Female,46-55,West,399.04,Sports,BrandA,391,0,3,3,3,0
CUST_046,PROD_011,2024-01-28,1,90000,Male,26-35,North,530.55,Electronics,BrandD,482,1,1,1,1,3
CUST_006,PROD_014,2024-07-20,1,30000,Female,26-35,West,516.56,Sports,BrandC,308,0,1,3,3,2
CUST_043,PROD_013,2024-02-08,5,70000,Male,36-45,West,173.97,Home,BrandA,471,1,2,3,2,0
CUST_007,PROD_001,2024-09-29,3,30000,Female,18-25,West,649.28,Sports,BrandA,237,0,0,3,3,0
CUST_046,PROD_012,2024-08-18,2,70000,Female,26-35,East,54.33,Home,BrandC,279,0,1,0,2,2
CUST_034,PROD_002,2024-03-26,1,50000,Female,46-55,North,764.29,Electronics,BrandC,424,0,3,1,1,2
CUST_013,PROD_001,2024-05-05,3,90000,Male,18-25,West,947.18,Home,BrandD,384,1,0,3,2,3
CUST_016,PROD_002,2024-10-26,3,90000,Female,18-25,South,346.37,Sports,BrandD,210,0,0,2,3,3
CUST_035,PROD_006,2024-01-25,2,90000,Female,26-35,South,522.07,Clothing,BrandC,485,0,1,2,0,2
CUST_049,PROD_000,2024-05-24,5,50000,Female,26-35,South,385.12,Home,BrandD,365,0,1,2,2,3
CUST_039,PROD_009,2024-01-13,4,70000,Male,18-25,South,16.64,Home,BrandC,497,1,0,2,2,2
CUST_003,PROD_007,2024-07-30,4,50000,Male,18-25,East,392.02,Electronics,BrandA,298,1,0,0,1,0
CUST_001,PROD_012,2024-01-25,3,90000,Female,36-45,West,793.8,Sports,BrandA,485,0,2,3,3,0
CUST_005,PROD_009,2024-03-08,2,50000,Male,46-55,North,600.03,Home,BrandB,442,1,3,1,2,1
CUST_041,PROD_009,2024-03-07,4,50000,Female,36-45,West,110.25,Home,BrandA,443,0,2,3,2,0
CUST_003,PROD_009,2024-08-20,3,50000,Female,26-35,East,848.67,Home,BrandC,277,0,1,0,2,2
CUST_028,PROD_013,2024-04-18,5,70000,Female,36-45,South,535.77,Home,BrandD,401,0,2,2,2,3
CUST_017,PROD_001,2024-05-25,4,30000,Female,36-45,East,843.31,Clothing,BrandB,364,0,2,0,0,1
CUST_025,PROD_002,2024-04-20,3,30000,Female,36-45,West,584.42,Sports,BrandD,399,0,2,3,3,3
CUST_043,PROD_008,2024-08-15,3,50000,Female,36-45,North,564.09,Electronics,BrandC,282,0,2,1,1,2
CUST_033,PROD_006,2024-04-20,1,30000,Female,46-55,East,114.21,Electronics,BrandA,399,0,3,0,1,0
CUST_009,PROD_003,2024-02-03,5,30000,Male,46-55,North,175.69,Clothing,BrandB,476,1,3,1,0,1
CUST_035,PROD_009,2024-04-20,1,50000,Male,18-25,East,972.31,Sports,BrandC,399,1,0,0,3,2
CUST_013,PROD_004,2024-09-20,2,50000,Male,26-35,North,236.2,Home,BrandB,246,1,1,1,2,1
CUST_030,PROD_001,2024-08-23,1,90000,Male,36-45,North,977.68,Clothing,BrandB,274,1,2,1,0,1
CUST_047,PROD_012,2024-03-23,1,30000,Male,18-25,South,536.59,Sports,BrandA,427,1,0,2,3,0
CUST_014,PROD_010,2024-02-11,4,70000,Male,18-25,North,144.43,Home,BrandC,468,1,0,1,2,2
CUST_007,PROD_012,2024-04-10,3,50000,Male,18-25,South,108.31,Clothing,BrandD,409,1,0,2,0,3
CUST_013,PROD_007,2024-01-06,5,90000,Female,46-55,West,216.78,Sports,BrandB,504,0,3,3,3,1
CUST_022,PROD_003,2024-06-28,1,70000,Female,36-45,West,926.38,Electronics,BrandB,330,0,2,3,1,1
CUST_039,PROD_008,2024-10-08,5,30000,Female,36-45,South,420.01,Electronics,BrandD,228,0,2,2,1,3
CUST_020,PROD_004,2024-11-15,1,90000,Female,26-35,South,401.48,Sports,BrandC,190,0,1,2,3,2
CUST_015,PROD_012,2024-08-13,2,50000,Male,36-45,East,320.07,Electronics,BrandB,284,1,2,0,1,1
CUST_044,PROD_008,2024-11-10,1,70000,Male,36-45,East,155.59,Sports,BrandB,195,1,2,0,3,1
CUST_017,PROD_003,2024-12-30,4,50000,Female,18-25,East,492.97,Home,BrandB,145,0,0,0,2,1
CUST_046,PROD_009,2024-08-16,3,30000,Female,26-35,West,138.75,Sports,BrandC,281,0,1,3,3,2
CUST_023,PROD_004,2024-10-15,2,70000,Male,36-45,East,837.13,Home,BrandC,221,1,2,0,2,2
CUST_025,PROD_008,2024-05-29,1,30000,Female,46-55,North,376.69,Clothing,BrandD,360,0,3,1,0,3
CUST_024,PROD_007,2024-10-03,5,30000,Female,36-45,North,381.06,Sports,BrandC,233,0,2,1,3,2
CUST_044,PROD_002,2024-07-16,2,90000,Female,18-25,East,479.27,Clothing,BrandC,312,0,0,0,0,2
CUST_040,PROD_000,2024-03-10,2,50000,Female,46-55,North,449.69,Electronics,BrandA,440,0,3,1,1,0
CUST_028,PROD_002,2024-04-21,1,70000,Male,18-25,West,994.91,Home,BrandD,398,1,0,3,2,3
CUST_014,PROD_003,2024-01-04,2,30000,Female,36-45,North,549.93,Sports,BrandB,506,0,2,1,3,1
CUST_044,PROD_001,2024-12-15,5,30000,Female,46-55,West,97.32,Clothing,BrandC,160,0,3,3,0,2
CUST_000,PROD_000,2024-11-26,2,70000,Male,26-35,South,610.81,Home,BrandB,179,1,1,2,2,1
CUST_024,PROD_006,2024-11-13,5,30000,Male,26-35,South,160.07,Home,BrandB,192,1,1,2,2,1
CUST_006,PROD_007,2024-12-15,1,90000,Female,46-55,South,40.63,Electronics,BrandA,160,0,3,2,1,0
CUST_008,PROD_006,2024-04-04,3,90000,Male,46-55,South,971.03,Electronics,BrandC,415,1,3,2,1,2
CUST_023,PROD_013,2024-05-31,2,90000,Female,18-25,North,775.8,Home,BrandD,358,0,0,1,2,3
CUST_000,PROD_004,2024-11-06,3,90000,Female,46-55,East,980.31,Home,BrandC,199,0,3,0,2,2
CUST_043,PROD_011,2024-05-16,5,30000,Male,18-25,North,483.1,Sports,BrandB,373,1,0,1,3,1
CUST_007,PROD_000,2024-09-03,2,70000,Female,36-45,West,536.93,Home,BrandD,263,0,2,3,2,3
CUST_023,PROD_006,2024-08-30,4,70000,Female,18-25,North,176.65,Sports,BrandC,267,0,0,1,3,2
CUST_010,PROD_012,2024-01-31,3,70000,Female,46-55,North,254.44,Home,BrandB,479,0,3,1,2,1
CUST_016,PROD_006,2024-02-09,2,70000,Female,46-55,West,840.16,Electronics,BrandB,470,0,3,3,1,1
CUST_007,PROD_008,2024-08-16,3,50000,Male,36-45,South,362.62,Sports,BrandA,281,1,2,2,3,0
CUST_034,PROD_002,2024-02-05,2,70000,Male,46-55,South,828.55,Clothing,BrandA,474,1,3,2,0,0
CUST_034,PROD_008,2024-08-10,1,50000,Female,46-55,South,711.92,Electronics,BrandA,287,0,3,2,1,0
CUST_032,PROD_013,2024-01-06,3,50000,Male,26-35,East,185.4,Sports,BrandB,504,1,1,0,3,1
CUST_004,PROD_000,2024-11-17,4,90000,Female,26-35,West,512.37,Sports,BrandC,188,0,1,3,3,2
CUST_041,PROD_000,2024-08-07,4,50000,Female,36-45,West,680.61,Clothing,BrandA,290,0,2,3,0,0
CUST_038,PROD_013,2024-03-15,5,30000,Female,18-25,North,242.69,Sports,BrandC,435,0,0,1,3,2
CUST_040,PROD_003,2024-01-04,2,50000,Female,26-35,East,832.38,Home,BrandA,506,0,1,0,2,0
CUST_027,PROD_008,2024-11-30,3,90000,Female,18-25,South,549.38,Clothing,BrandD,175,0,0,2,0,3
CUST_006,PROD_005,2024-05-13,5,50000,Male,46-55,East,173.59,Electronics,BrandD,376,1,3,0,1,3
CUST_008,PROD_012,2024-04-27,3,30000,Female,26-35,West,587.15,Electronics,BrandA,392,0,1,3,1,0
CUST_007,PROD_010,2024-04-03,2,30000,Male,36-45,West,999.72,Home,BrandB,416,1,2,3,2,1
CUST_011,PROD_002,2024-03-02,4,30000,Male,36-45,North,159.02,Electronics,BrandA,448,1,2,1,1,0
CUST_033,PROD_000,2024-07-12,1,90000,Female,36-45,North,818.59,Sports,BrandA,316,0,2,1,3,0
CUST_032,PROD_003,2024-11-30,4,90000,Female,26-35,West,215.24,Sports,BrandB,175,0,1,3,3,1
CUST_047,PROD_011,2024-07-21,5,70000,Female,18-25,South,784.56,Home,BrandD,307,0,0,2,2,3
CUST_022,PROD_012,2024-01-26,1,90000,Female,46-55,South,737.23,Electronics,BrandC,484,0,3,2,1,2
CUST_023,PROD_008,2024-06-21,5,30000,Female,18-25,East,307.48,Electronics,BrandA,337,0,0,0,1,0
CUST_036,PROD_002,2024-10-26,2,30000,Male,18-25,West,332.56,Home,BrandB,210,1,0,3,2,1
CUST_034,PROD_011,2024-05-12,1,90000,Female,46-55,West,794.6,Clothing,BrandA,377,0,3,3,0,0
CUST_043,PROD_008,2024-11-21,5,50000,Female,46-55,South,466.83,Electronics,BrandB,184,0,3,2,1,1
CUST_039,PROD_006,2024-04-27,2,90000,Male,26-35,South,733.51,Clothing,BrandC,392,1,1,2,0,2
CUST_021,PROD_011,2024-11-19,4,90000,Male,26-35,West,156.5,Electronics,BrandC,186,1,1,3,1,2
CUST_026,PROD_013,2024-10-01,2,30000,Female,26-35,North,854.03,Electronics,BrandD,235,0,1,1,1,3
CUST_034,PROD_014,2024-07-30,3,70000,Male,26-35,West,713.78,Electronics,BrandB,298,1,1,3,1,1
CUST_000,PROD_003,2024-08-12,2,30000,Female,26-35,West,907.87,Electronics,BrandB,285,0,1,3,1,1
CUST_034,PROD_002,2024-01-20,2,70000,Male,46-55,South,141.05,Sports,BrandD,490,1,3,2,3,3
CUST_036,PROD_009,2024-04-22,3,30000,Male,18-25,South,597.08,Clothing,BrandD,397,1,0,2,0,3
CUST_046,PROD_014,2024-05-19,5,90000,Female,26-35,North,603.13,Clothing,BrandB,370,0,1,1,0,1
CUST_013,PROD_004,2024-02-16,5,30000,Male,26-35,North,359.93,Electronics,BrandD,463,1,1,1,1,3
CUST_002,PROD_004,2024-01-01,2,30000,Male,18-25,East,463.88,Electronics,BrandC,509,1,0,0,1,2
CUST_000,PROD_002,2024-03-30,3,30000,Male,26-35,West,47.6,Clothing,BrandA,420,1,1,3,0,0
CUST_004,PROD_011,2024-05-21,3,90000,Male,18-25,South,748.4,Sports,BrandC,368,1,0,2,3,2
CUST_025,PROD_008,2024-11-15,4,90000,Male,18-25,North,553.83,Home,BrandD,190,1,0,1,2,3
CUST_013,PROD_003,2024-02-07,5,90000,Male,46-55,East,67.16,Home,BrandB,472,1,3,0,2,1
CUST_038,PROD_010,2024-10-19,1,90000,Female,36-45,East,683.95,Clothing,BrandB,217,0,2,0,0,1
CUST_026,PROD_004,2024-05-18,5,70000,Female,46-55,South,472.11,Electronics,BrandC,371,0,3,2,1,2
CUST_008,PROD_003,2024-12-21,5,70000,Male,36-45,South,44.12,Electronics,BrandB,154,1,2,2,1,1
CUST_014,PROD_004,2024-11-28,4,50000,Female,36-45,East,969.91,Sports,BrandD,177,0,2,0,3,3
CUST_014,PROD_006,2024-09-15,1,90000,Female,36-45,North,949.62,Home,BrandC,251,0,2,1,2,2
CUST_025,PROD_008,2024-06-09,4,70000,Female,26-35,East,517.77,Sports,BrandB,349,0,1,0,3,1
CUST_041,PROD_006,2024-06-26,1,30000,Male,46-55,West,102.74,Home,BrandA,332,1,3,3,2,0
CUST_012,PROD_012,2024-01-10,2,90000,Female,36-45,West,757.08,Clothing,BrandA,500,0,2,3,0,0
CUST_031,PROD_004,2024-09-17,1,50000,Male,18-25,South,497.01,Home,BrandD,249,1,0,2,2,3
CUST_038,PROD_009,2024-05-17,4,50000,Female,26-35,North,309.42,Sports,BrandB,372,0,1,1,3,1
CUST_048,PROD_009,2024-06-20,5,50000,Male,46-55,North,496.5,Sports,BrandD,338,1,3,1,3,3
CUST_031,PROD_006,2024-01-13,1,30000,Male,36-45,West,527.22,Sports,BrandC,497,1,2,3,3,2
CUST_003,PROD_013,2024-06-16,1,70000,Female,18-25,East,567.08,Clothing,BrandA,342,0,0,0,0,0
CUST_029,PROD_014,2024-05-09,3,30000,Female,46-55,South,446.81,Home,BrandC,380,0,3,2,2,2
CUST_036,PROD_009,2024-03-24,5,90000,Male,46-55,East,609.7,Home,BrandB,426,1,3,0,2,1
CUST_022,PROD_004,2024-11-16,2,50000,Female,26-35,East,919.55,Sports,BrandD,189,0,1,0,3,3
CUST_038,PROD_002,2024-11-14,4,30000,Female,46-55,East,368.65,Home,BrandD,191,0,3,0,2,3
CUST_044,PROD_006,2024-04-10,2,30000,Female,26-35,North,728.46,Electronics,BrandD,409,0,1,1,1,3
CUST_014,PROD_012,2024-11-24,5,70000,Male,36-45,West,895.51,Electronics,BrandC,181,1,2,3,1,2
CUST_042,PROD_010,2024-09-29,1,70000,Male,26-35,North,461.42,Electronics,BrandA,237,1,1,1,1,0
CUST_028,PROD_010,2024-09-21,1,50000,Female,18-25,West,449.02,Home,BrandC,245,0,0,3,2,2
CUST_035,PROD_001,2024-02-07,5,30000,Female,26-35,South,606.1,Clothing,BrandC,472,0,1,2,0,2
CUST_012,PROD_014,2024-04-03,1,30000,Female,18-25,South,595.49,Clothing,BrandB,416,0,0,2,0,1
CUST_031,PROD_011,2024-04-04,1,70000,Male,26-35,East,808.52,Clothing,BrandB,415,1,1,0,0,1
CUST_006,PROD_008,2024-10-31,1,30000,Male,46-55,West,481.72,Clothing,BrandB,205,1,3,3,0,1
CUST_021,PROD_009,2024-03-09,4,30000,Female,36-45,West,996.16,Electronics,BrandA,441,0,2,3,1,0
CUST_027,PROD_009,2024-11-13,4,30000,Female,18-25,West,68.88,Electronics,BrandA,192,0,0,3,1,0
CUST_001,PROD_011,2024-08-23,3,70000,Female,26-35,East,13.14,Sports,BrandB,274,0,1,0,3,1
CUST_041,PROD_000,2024-11-29,2,50000,Female,26-35,East,643.8,Home,BrandB,176,0,1,0,2,1
CUST_044,PROD_012,2024-05-16,5,90000,Female,26-35,South,305.45,Home,BrandA,373,0,1,2,2,0
CUST_005,PROD_005,2024-03-16,5,50000,Female,46-55,North,247.98,Clothing,BrandD,434,0,3,1,0,3
CUST_027,PROD_006,2024-02-04,5,90000,Male,46-55,West,318.78,Electronics,BrandA,475,1,3,3,1,0
CUST_027,PROD_013,2024-01-01,3,30000,Female,18-25,West,263.49,Clothing,BrandA,509,0,0,3,0,0
CUST_043,PROD_012,2024-10-22,4,50000,Male,18-25,North,40.48,Sports,BrandA,214,1,0,1,3,0
CUST_043,PROD_007,2024-11-15,3,90000,Female,46-55,West,971.82,Home,BrandB,190,0,3,3,2,1
CUST_019,PROD_009,2024-02-29,5,70000,Female,18-25,East,228.54,Home,BrandD,450,0,0,0,2,3
CUST_029,PROD_008,2024-11-15,2,70000,Male,36-45,East,736.69,Clothing,BrandA,190,1,2,0,0,0
CUST_010,PROD_001,2024-12-14,1,50000,Male,36-45,West,764.97,Sports,BrandB,161,1,2,3,3,1
CUST_027,PROD_010,2024-11-23,4,50000,Male,46-55,East,929.96,Home,BrandC,182,1,3,0,2,2
CUST_024,PROD_009,2024-09-23,4,30000,Male,18-25,East,40.24,Sports,BrandC,243,1,0,0,3,2
CUST_038,PROD_001,2024-12-26,3,50000,Female,26-35,West,873.33,Sports,BrandA,149,0,1,3,3,0
CUST_032,PROD_004,2024-08-16,4,30000,Male,36-45,South,531.95,Clothing,BrandC,281,1,2,2,0,2
CUST_000,PROD_012,2024-09-26,5,30000,Female,46-55,North,636.22,Electronics,BrandD,240,0,3,1,1,3
CUST_026,PROD_004,2024-11-11,5,70000,Male,18-25,East,648.03,Clothing,BrandC,194,1,0,0,0,2
CUST_012,PROD_005,2024-10-12,3,70000,Female,46-55,South,821.6,Electronics,BrandC,224,0,3,2,1,2
CUST_040,PROD_002,2024-10-17,5,90000,Female,26-35,East,340.07,Sports,BrandD,219,0,1,0,3,3
CUST_002,PROD_007,2024-07-31,2,70000,Female,36-45,East,735.72,Electronics,BrandA,297,0,2,0,1,0
CUST_038,PROD_012,2024-06-13,3,70000,Female,46-55,North,533.29,Sports,BrandA,345,0,3,1,3,0
CUST_005,PROD_000,2024-01-05,2,50000,Female,46-55,East,795.46,Home,BrandD,505,0,3,0,2,3
CUST_007,PROD_005,2024-12-04,1,70000,Female,46-55,North,990.64,Home,BrandD,171,0,3,1,2,3
CUST_026,PROD_003,2024-03-18,2,90000,Male,26-35,North,208.64,Home,BrandD,432,1,1,1,2,3
CUST_008,PROD_000,2024-03-02,1,50000,Female,46-55,North,994.7,Clothing,BrandC,448,0,3,1,0,2
CUST_036,PROD_014,2024-05-11,1,90000,Male,26-35,South,98.91,Clothing,BrandD,378,1,1,2,0,3
CUST_032,PROD_006,2024-03-29,2,70000,Male,26-35,West,12.29,Sports,BrandB,421,1,1,3,3,1
CUST_041,PROD_008,2024-08-24,3,90000,Female,26-35,South,53.72,Home,BrandC,273,0,1,2,2,2
CUST_043,PROD_012,2024-02-11,5,50000,Male,36-45,West,348.36,Clothing,BrandA,468,1,2,3,0,0
CUST_023,PROD_003,2024-03-29,5,30000,Female,36-45,West,636.58,Home,BrandA,421,0,2,3,2,0
CUST_014,PROD_003,2024-10-22,1,90000,Male,46-55,North,78.34,Clothing,BrandA,214,1,3,1,0,0
CUST_031,PROD_005,2024-11-23,1,90000,Female,46-55,East,15.61,Electronics,BrandC,182,0,3,0,1,2
CUST_031,PROD_011,2024-10-21,3,50000,Male,36-45,North,937.72,Electronics,BrandB,215,1,2,1,1,1
CUST_023,PROD_014,2024-04-13,4,50000,Female,18-25,East,823.71,Home,BrandD,406,0,0,0,2,3
CUST_040,PROD_002,2024-01-14,2,90000,Female,36-45,West,811.09,Sports,BrandD,496,0,2,3,3,3
CUST_048,PROD_012,2024-10-14,1,70000,Female,26-35,North,885.58,Clothing,BrandA,222,0,1,1,0,0
CUST_048,PROD_011,2024-06-27,5,90000,Female,36-45,East,703.03,Clothing,BrandA,331,0,2,0,0,0
CUST_011,PROD_005,2024-05-04,3,50000,Male,26-35,South,113.36,Electronics,BrandC,385,1,1,2,1,2
CUST_038,PROD_006,2024-12-18,2,30000,Female,46-55,East,405.11,Electronics,BrandB,157,0,3,0,1,1
CUST_001,PROD_010,2024-01-23,3,30000,Male,18-25,North,725.92,Sports,BrandD,487,1,0,1,3,3
CUST_002,PROD_009,2024-03-03,2,70000,Male,46-55,South,287.53,Sports,BrandC,447,1,3,2,3,2
CUST_048,PROD_009,2024-05-22,2,90000,Male,26-35,East,690.53,Sports,BrandD,367,1,1,0,3,3
CUST_036,PROD_002,2024-06-01,1,30000,Female,26-35,East,34.25,Home,BrandA,357,0,1,0,2,0
CUST_048,PROD_006,2024-05-24,3,90000,Male,26-35,East,313.08,Electronics,BrandD,365,1,1,0,1,3
CUST_016,PROD_013,2024-08-12,3,50000,Male,18-25,East,553.64,Home,BrandB,285,1,0,0,2,1
CUST_048,PROD_002,2024-11-04,5,30000,Male,36-45,East,635.77,Electronics,BrandB,201,1,2,0,1,1
CUST_001,PROD_012,2024-04-13,5,70000,Female,46-55,South,581.27,Electronics,BrandA,406,0,3,2,1,0
CUST_001,PROD_012,2024-04-13,1,50000,Female,46-55,West,700.78,Clothing,BrandB,406,0,3,3,0,1
CUST_027,PROD_001,2024-02-08,1,70000,Male,36-45,South,16.03,Electronics,BrandB,471,1,2,2,1,1
CUST_022,PROD_011,2024-07-16,4,50000,Female,46-55,South,109.93,Electronics,BrandC,312,0,3,2,1,2
CUST_036,PROD_013,2024-05-13,5,30000,Female,18-25,South,870.25,Home,BrandD,376,0,0,2,2,3
CUST_031,PROD_009,2024-03-07,2,70000,Male,46-55,West,684.93,Electronics,BrandA,443,1,3,3,1,0
CUST_032,PROD_003,2024-06-27,3,70000,Male,26-35,North,121.8,Home,BrandA,331,1,1,1,2,0
CUST_000,PROD_011,2024-02-11,1,50000,Female,36-45,West,843.65,Sports,BrandA,468,0,2,3,3,0
CUST_018,PROD_007,2024-01-15,3,70000,Male,18-25,South,249.81,Electronics,BrandA,495,1,0,2,1,0
CUST_001,PROD_012,2024-04-20,3,50000,Female,36-45,East,483.48,Electronics,BrandA,399,0,2,0,1,0
CUST_043,PROD_014,2024-06-05,4,50000,Female,18-25,East,153.74,Home,BrandB,353,0,0,0,2,1
CUST_025,PROD_008,2024-10-15,5,50000,Female,26-35,South,713.01,Sports,BrandC,221,0,1,2,3,2
CUST_031,PROD_006,2024-08-18,1,50000,Female,36-45,East,670.19,Clothing,BrandA,279,0,2,0,0,0
CUST_005,PROD_000,2024-06-05,3,30000,Female,46-55,South,219.0,Sports,BrandC,353,0,3,2,3,2
CUST_031,PROD_002,2024-02-07,1,50000,Female,18-25,East,864.77,Home,BrandC,472,0,0,0,2,2
CUST_003,PROD_012,2024-04-06,2,90000,Male,36-45,West,407.29,Sports,BrandB,413,1,2,3,3,1
CUST_010,PROD_011,2024-10-15,4,70000,Male,46-55,North,299.59,Home,BrandA,221,1,3,1,2,0
CUST_016,PROD_013,2024-09-10,2,90000,Female,36-45,North,160.81,Home,BrandB,256,0,2,1,2,1
CUST_037,PROD_008,2024-07-14,1,30000,Female,36-45,West,273.51,Clothing,BrandA,314,0,2,3,0,0
CUST_023,PROD_014,2024-03-26,1,90000,Female,36-45,West,31.81,Electronics,BrandB,424,0,2,3,1,1
CUST_004,PROD_011,2024-11-17,5,70000,Male,18-25,South,587.42,Home,BrandC,188,1,0,2,2,2
CUST_033,PROD_000,2024-01-10,3,90000,Female,46-55,South,843.81,Home,BrandA,500,0,3,2,2,0
CUST_005,PROD_008,2024-01-05,3,30000,Male,26-35,South,553.49,Clothing,BrandD,505,1,1,2,0,3
CUST_021,PROD_007,2024-05-02,2,50000,Female,18-25,East,227.08,Home,BrandC,387,0,0,0,2,2
CUST_010,PROD_000,2024-11-25,4,90000,Female,18-25,South,43.33,Electronics,BrandD,180,0,0,2,1,3
CUST_047,PROD_005,2024-12-18,3,30000,Male,18-25,West,222.48,Clothing,BrandC,157,1,0,3,0,2
CUST_015,PROD_004,2024-04-27,5,30000,Male,26-35,North,421.96,Electronics,BrandB,392,1,1,1,1,1
CUST_032,PROD_005,2024-10-20,2,70000,Female,46-55,East,762.02,Electronics,BrandA,216,0,3,0,1,0
CUST_008,PROD_009,2024-06-07,2,70000,Female,46-55,South,195.96,Clothing,BrandC,351,0,3,2,0,2
CUST_005,PROD_011,2024-10-29,5,90000,Female,46-55,East,722.59,Home,BrandB,207,0,3,0,2,1
CUST_015,PROD_012,2024-08-15,4,50000,Male,36-45,East,868.26,Electronics,BrandA,282,1,2,0,1,0
CUST_028,PROD_012,2024-12-30,5,30000,Male,36-45,South,459.41,Electronics,BrandA,145,1,2,2,1,0
CUST_002,PROD_012,2024-08-03,4,90000,Male,36-45,East,823.22,Electronics,BrandC,294,1,2,0,1,2
CUST_019,PROD_014,2024-07-02,5,30000,Male,26-35,North,559.11,Electronics,BrandA,326,1,1,1,1,0
CUST_035,PROD_004,2024-01-15,5,30000,Male,36-45,West,640.72,Clothing,BrandC,495,1,2,3,0,2
CUST_018,PROD_005,2024-06-05,1,50000,Male,26-35,West,531.02,Clothing,BrandA,353,1,1,3,0,0
CUST_025,PROD_004,2024-05-15,2,50000,Female,46-55,North,468.54,Sports,BrandD,374,0,3,1,3,3
CUST_002,PROD_010,2024-09-17,5,90000,Female,36-45,East,242.31,Sports,BrandB,249,0,2,0,3,1
CUST_018,PROD_011,2024-06-05,5,50000,Male,36-45,South,310.16,Electronics,BrandD,353,1,2,2,1,3
CUST_019,PROD_004,2024-02-16,3,50000,Female,18-25,East,297.07,Home,BrandC,463,0,0,0,2,2
CUST_031,PROD_003,2024-11-19,2,90000,Female,26-35,North,567.66,Electronics,BrandD,186,0,1,1,1,3
CUST_006,PROD_002,2024-11-27,3,50000,Male,46-55,East,128.75,Home,BrandC,178,1,3,0,2,2
CUST_040,PROD_002,2024-06-21,2,70000,Female,18-25,West,917.62,Electronics,BrandA,337,0,0,3,1,0
CUST_032,PROD_003,2024-05-09,3,30000,Male,18-25,East,723.45,Sports,BrandA,380,1,0,0,3,0
CUST_039,PROD_008,2024-04-04,5,30000,Male,46-55,North,407.43,Sports,BrandC,415,1,3,1,3,2
CUST_038,PROD_001,2024-04-24,5,30000,Female,18-25,West,167.04,Home,BrandD,395,0,0,3,2,3
CUST_017,PROD_014,2024-08-30,1,30000,Male,26-35,East,883.17,Electronics,BrandA,267,1,1,0,1,0
CUST_039,PROD_008,2024-10-18,3,90000,Male,26-35,East,825.54,Home,BrandB,218,1,1,0,2,1
CUST_000,PROD_000,2024-10-08,4,30000,Male,36-45,West,724.5,Sports,BrandA,228,1,2,3,3,0
CUST_010,PROD_013,2024-10-25,1,30000,Male,18-25,South,278.83,Electronics,BrandB,211,1,0,2,1,1
CUST_027,PROD_014,2024-10-09,3,30000,Male,36-45,West,408.42,Electronics,BrandD,227,1,2,3,1,3
CUST_024,PROD_014,2024-03-09,3,30000,Male,18-25,South,111.72,Home,BrandB,441,1,0,2,2,1
CUST_049,PROD_000,2024-05-27,1,70000,Male,26-35,North,197.15,Clothing,BrandB,362,1,1,1,0,1
CUST_022,PROD_004,2024-01-11,5,30000,Male,26-35,North,785.19,Home,BrandB,499,1,1,1,2,1
CUST_030,PROD_005,2024-09-10,3,70000,Female,26-35,West,717.89,Sports,BrandB,256,0,1,3,3,1
CUST_029,PROD_005,2024-11-25,5,90000,Female,18-25,West,597.55,Sports,BrandA,180,0,0,3,3,0
CUST_041,PROD_002,2024-12-25,1,50000,Female,26-35,North,896.77,Sports,BrandB,150,0,1,1,3,1
CUST_034,PROD_006,2024-02-07,5,30000,Male,18-25,South,587.43,Sports,BrandA,472,1,0,2,3,0
CUST_006,PROD_008,2024-05-13,2,50000,Male,36-45,North,472.3,Sports,BrandB,376,1,2,1,3,1
CUST_015,PROD_010,2024-07-18,4,50000,Female,18-25,West,346.97,Clothing,BrandC,310,0,0,3,0,2
CUST_025,PROD_011,2024-01-23,3,90000,Female,36-45,North,941.04,Electronics,BrandD,487,0,2,1,1,3
CUST_047,PROD_009,2024-10-29,4,50000,Female,18-25,West,91.89,Home,BrandB,207,0,0,3,2,1
CUST_048,PROD_007,2024-12-11,5,70000,Male,36-45,West,931.58,Home,BrandC,164,1,2,3,2,2
CUST_001,PROD_005,2024-10-28,3,50000,Female,26-35,North,828.45,Sports,BrandB,208,0,1,1,3,1
CUST_000,PROD_011,2024-12-28,5,50000,Female,36-45,South,138.63,Home,BrandB,147,0,2,2,2,1
CUST_047,PROD_007,2024-08-05,2,50000,Male,26-35,East,569.33,Sports,BrandB,292,1,1,0,3,1
CUST_011,PROD_011,2024-05-20,1,30000,Female,26-35,North,867.88,Clothing,BrandC,369,0,1,1,0,2
CUST_004,PROD_004,2024-04-13,3,30000,Male,36-45,East,576.09,Clothing,BrandD,406,1,2,0,0,3
CUST_036,PROD_007,2024-07-28,2,70000,Male,18-25,North,908.13,Electronics,BrandC,300,1,0,1,1,2
CUST_031,PROD_009,2024-04-20,2,70000,Male,18-25,East,943.55,Clothing,BrandD,399,1,0,0,0,3
CUST_008,PROD_011,2024-04-13,3,30000,Female,46-55,South,428.16,Clothing,BrandB,406,0,3,2,0,1
CUST_040,PROD_003,2024-11-11,5,70000,Female,18-25,South,383.54,Electronics,BrandA,194,0,0,2,1,0
CUST_034,PROD_009,2024-06-19,2,30000,Male,46-55,North,936.96,Home,BrandB,339,1,3,1,2,1
CUST_018,PROD_007,2024-12-21,4,90000,Female,18-25,West,678.39,Sports,BrandD,154,0,0,3,3,3
CUST_047,PROD_009,2024-11-19,2,50000,Female,18-25,East,124.86,Sports,BrandC,186,0,0,0,3,2
CUST_015,PROD_011,2024-05-12,5,50000,Female,26-35,West,51.87,Home,BrandB,377,0,1,3,2,1
CUST_002,PROD_001,2024-10-19,5,70000,Female,46-55,West,568.98,Electronics,BrandC,217,0,3,3,1,2
CUST_019,PROD_011,2024-11-23,4,30000,Male,18-25,West,930.87,Home,BrandC,182,1,0,3,2,2
CUST_023,PROD_011,2024-05-06,2,30000,Female,46-55,South,845.81,Clothing,BrandC,383,0,3,2,0,2
CUST_032,PROD_004,2024-04-15,5,70000,Male,26-35,North,679.09,Electronics,BrandB,404,1,1,1,1,1
CUST_023,PROD_008,2024-04-01,3,30000,Male,26-35,North,147.72,Electronics,BrandC,418,1,1,1,1,2
CUST_010,PROD_003,2024-10-13,1,90000,Female,46-55,South,261.69,Electronics,BrandC,223,0,3,2,1,2
CUST_048,PROD_010,2024-02-20,1,50000,Male,26-35,South,876.76,Sports,BrandB,459,1,1,2,3,1
CUST_007,PROD_005,2024-01-29,1,70000,Female,36-45,North,190.98,Home,BrandC,481,0,2,1,2,2
CUST_035,PROD_014,2024-10-22,2,70000,Female,36-45,West,285.66,Electronics,BrandB,214,0,2,3,1,1
CUST_037,PROD_000,2024-10-23,4,30000,Male,26-35,East,138.3,Electronics,BrandD,213,1,1,0,1,3
CUST_039,PROD_008,2024-08-01,5,70000,Male,36-45,East,679.35,Electronics,BrandD,296,1,2,0,1,3
CUST_019,PROD_000,2024-09-23,3,90000,Male,18-25,East,944.54,Home,BrandD,243,1,0,0,2,3
CUST_034,PROD_004,2024-09-13,3,30000,Male,46-55,West,276.28,Sports,BrandC,253,1,3,3,3,2
CUST_047,PROD_003,2024-10-28,2,30000,Female,18-25,North,480.65,Clothing,BrandA,208,0,0,1,0,0
CUST_024,PROD_012,2024-04-10,1,30000,Female,46-55,South,638.0,Sports,BrandA,409,0,3,2,3,0
CUST_034,PROD_011,2024-12-11,2,30000,Female,26-35,North,999.47,Electronics,BrandC,164,0,1,1,1,2
CUST_024,PROD_012,2024-04-19,4,90000,Male,18-25,West,113.76,Sports,BrandA,400,1,0,3,3,0
CUST_028,PROD_012,2024-06-30,4,30000,Male,26-35,South,503.59,Sports,BrandB,328,1,1,2,3,1
CUST_017,PROD_013,2024-11-08,5,70000,Male,26-35,West,391.27,Clothing,BrandA,197,1,1,3,0,0
CUST_045,PROD_002,2024-01-01,5,90000,Female,46-55,East,867.16,Home,BrandC,509,0,3,0,2,2
CUST_017,PROD_012,2024-11-14,4,50000,Male,46-55,East,481.21,Home,BrandC,191,1,3,0,2,2
CUST_001,PROD_005,2024-02-24,4,50000,Female,46-55,West,119.87,Sports,BrandB,455,0,3,3,3,1
CUST_034,PROD_001,2024-05-28,4,70000,Male,18-25,South,638.08,Sports,BrandD,361,1,0,2,3,3
CUST_015,PROD_002,2024-11-04,2,70000,Female,36-45,South,773.07,Home,BrandC,201,0,2,2,2,2
CUST_040,PROD_004,2024-05-16,4,90000,Female,46-55,North,12.85,Home,BrandB,373,0,3,1,2,1
CUST_035,PROD_014,2024-07-20,3,50000,Male,46-55,East,860.37,Clothing,BrandA,308,1,3,0,0,0
CUST_032,PROD_008,2024-11-08,1,50000,Male,18-25,North,194.16,Electronics,BrandA,197,1,0,1,1,0
CUST_003,PROD_001,2024-04-26,4,50000,Female,46-55,North,556.55,Sports,BrandB,393,0,3,1,3,1
CUST_032,PROD_009,2024-06-02,1,50000,Female,18-25,West,421.64,Home,BrandB,356,0,0,3,2,1
CUST_013,PROD_007,2024-10-17,2,50000,Male,26-35,West,722.46,Sports,BrandC,219,1,1,3,3,2
CUST_020,PROD_013,2024-03-03,1,30000,Male,46-55,North,377.45,Sports,BrandA,447,1,3,1,3,0
CUST_047,PROD_001,2024-08-31,2,70000,Female,46-55,East,871.07,Home,BrandB,266,0,3,0,2,1
CUST_019,PROD_010,2024-01-25,3,30000,Male,26-35,West,733.19,Clothing,BrandA,485,1,1,3,0,0
CUST_007,PROD_012,2024-03-30,2,50000,Female,26-35,North,651.24,Sports,BrandB,420,0,1,1,3,1
CUST_006,PROD_004,2024-03-15,2,90000,Female,26-35,North,798.28,Clothing,BrandA,435,0,1,1,0,0
CUST_002,PROD_006,2024-10-20,5,90000,Male,46-55,North,756.48,Home,BrandD,216,1,3,1,2,3
CUST_016,PROD_007,2024-07-28,4,50000,Male,36-45,North,45.58,Electronics,BrandC,300,1,2,1,1,2
CUST_032,PROD_000,2024-12-12,4,50000,Male,36-45,North,400.79,Electronics,BrandA,163,1,2,1,1,0
CUST_047,PROD_005,2024-01-17,3,90000,Male,36-45,North,931.5,Sports,BrandD,493,1,2,1,3,3
CUST_011,PROD_000,2024-05-07,3,30000,Male,46-55,West,134.47,Home,BrandA,382,1,3,3,2,0
CUST_021,PROD_001,2024-12-29,4,30000,Female,26-35,East,739.73,Clothing,BrandA,146,0,1,0,0,0
CUST_021,PROD_014,2024-09-07,5,50000,Female,46-55,North,974.85,Sports,BrandD,259,0,3,1,3,3
CUST_045,PROD_000,2024-06-27,4,30000,Male,26-35,South,61.68,Home,BrandA,331,1,1,2,2,0
CUST_029,PROD_010,2024-06-30,5,90000,Male,46-55,West,685.37,Home,BrandA,328,1,3,3,2,0
CUST_037,PROD_004,2024-05-31,3,30000,Male,46-55,West,473.47,Clothing,BrandC,358,1,3,3,0,2
CUST_037,PROD_009,2024-01-25,1,50000,Female,26-35,North,583.38,Sports,BrandD,485,0,1,1,3,3
CUST_044,PROD_014,2024-06-28,3,90000,Male,36-45,West,94.49,Home,BrandD,330,1,2,3,2,3
CUST_007,PROD_008,2024-07-16,3,30000,Male,26-35,North,52.58,Home,BrandB,312,1,1,1,2,1
CUST_026,PROD_005,2024-12-09,2,70000,Female,18-25,East,670.2,Home,BrandA,166,0,0,0,2,0
CUST_026,PROD_010,2024-06-09,2,90000,Female,18-25,East,825.08,Clothing,BrandC,349,0,0,0,0,2
CUST_033,PROD_010,2024-06-25,2,90000,Male,26-35,West,784.2,Sports,BrandA,333,1,1,3,3,0
CUST_020,PROD_000,2024-10-11,2,70000,Male,46-55,West,548.37,Sports,BrandA,225,1,3,3,3,0
CUST_029,PROD_012,2024-03-03,5,70000,Male,18-25,South,108.87,Sports,BrandB,447,1,0,2,3,1
CUST_032,PROD_000,2024-05-29,4,90000,Female,18-25,West,691.16,Sports,BrandA,360,0,0,3,3,0
CUST_027,PROD_001,2024-06-02,1,70000,Male,46-55,South,249.47,Electronics,BrandC,356,1,3,2,1,2
CUST_046,PROD_008,2024-06-04,3,50000,Male,46-55,East,911.96,Electronics,BrandC,354,1,3,0,1,2
CUST_032,PROD_002,2024-02-18,5,50000,Male,36-45,East,839.88,Sports,BrandB,461,1,2,0,3,1
CUST_004,PROD_014,2024-12-02,1,50000,Female,46-55,North,712.29,Clothing,BrandA,173,0,3,1,0,0
CUST_047,PROD_000,2024-03-24,5,90000,Female,26-35,East,949.36,Electronics,BrandC,426,0,1,0,1,2
CUST_018,PROD_004,2024-12-26,5,70000,Male,26-35,South,41.11,Home,BrandA,149,1,1,2,2,0
CUST_003,PROD_006,2024-06-25,3,70000,Male,36-45,West,738.84,Electronics,BrandA,333,1,2,3,1,0
CUST_034,PROD_005,2024-05-27,4,30000,Female,18-25,North,336.94,Home,BrandA,362,0,0,1,2,0
CUST_048,PROD_011,2024-04-27,2,30000,Female,18-25,South,907.01,Sports,BrandB,392,0,0,2,3,1
CUST_016,PROD_000,2024-12-07,4,70000,Female,46-55,West,274.01,Electronics,BrandA,168,0,3,3,1,0
CUST_043,PROD_004,2024-03-03,3,70000,Female,26-35,North,727.61,Clothing,BrandC,447,0,1,1,0,2
CUST_027,PROD_014,2024-07-07,3,70000,Female,18-25,East,878.87,Electronics,BrandA,321,0,0,0,1,0
CUST_029,PROD_004,2024-12-25,3,90000,Female,36-45,South,51.24,Electronics,BrandC,150,0,2,2,1,2
CUST_028,PROD_005,2024-02-18,1,70000,Female,36-45,West,403.67,Electronics,BrandA,461,0,2,3,1,0
CUST_045,PROD_002,2024-11-22,4,30000,Female,26-35,North,764.69,Sports,BrandC,183,0,1,1,3,2
CUST_005,PROD_004,2024-09-13,4,90000,Female,36-45,North,460.37,Clothing,BrandC,253,0,2,1,0,2
CUST_034,PROD_006,2024-08-11,5,70000,Male,36-45,East,274.58,Electronics,BrandA,286,1,2,0,1,0
CUST_040,PROD_004,2024-05-20,5,30000,Male,26-35,West,227.61,Clothing,BrandA,369,1,1,3,0,0
CUST_036,PROD_004,2024-08-02,5,90000,Male,46-55,East,140.2,Sports,BrandC,295,1,3,0,3,2
CUST_023,PROD_004,2024-07-29,3,70000,Female,46-55,East,858.56,Home,BrandD,299,0,3,0,2,3
CUST_028,PROD_009,2024-11-13,4,70000,Male,36-45,West,579.6,Electronics,BrandB,192,1,2,3,1,1
CUST_048,PROD_009,2024-02-01,3,70000,Female,46-55,West,85.62,Clothing,BrandD,478,0,3,3,0,3
CUST_045,PROD_002,2024-06-06,1,90000,Female,46-55,West,388.75,Clothing,BrandD,352,0,3,3,0,3
CUST_030,PROD_000,2024-10-11,5,30000,Male,36-45,South,374.06,Sports,BrandA,225,1,2,2,3,0
CUST_034,PROD_004,2024-10-31,3,30000,Female,46-55,West,189.92,Electronics,BrandB,205,0,3,3,1,1
CUST_032,PROD_013,2024-10-12,3,50000,Male,36-45,North,441.15,Home,BrandD,224,1,2,1,2,3
CUST_020,PROD_008,2024-05-23,1,70000,Male,18-25,East,338.78,Clothing,BrandA,366,1,0,0,0,0
CUST_031,PROD_013,2024-01-19,2,50000,Male,26-35,South,348.39,Electronics,BrandD,491,1,1,2,1,3
CUST_022,PROD_000,2024-01-18,4,50000,Female,26-35,West,741.64,Home,BrandD,492,0,1,3,2,3
CUST_032,PROD_002,2024-09-13,2,30000,Male,46-55,South,231.03,Clothing,BrandA,253,1,3,2,0,0
CUST_002,PROD_012,2024-03-18,5,90000,Female,46-55,West,645.44,Clothing,BrandA,432,0,3,3,0,0
CUST_017,PROD_012,2024-06-23,3,90000,Male,46-55,South,574.94,Home,BrandA,335,1,3,2,2,0
CUST_024,PROD_003,2024-07-12,1,30000,Male,26-35,East,572.41,Home,BrandB,316,1,1,0,2,1
CUST_041,PROD_013,2024-04-22,1,90000,Male,18-25,East,666.38,Sports,BrandD,397,1,0,0,3,3
CUST_030,PROD_000,2024-04-23,4,50000,Female,18-25,North,552.9,Electronics,BrandA,396,0,0,1,1,0
CUST_002,PROD_000,2024-08-09,2,70000,Female,26-35,North,880.46,Electronics,BrandC,288,0,1,1,1,2
CUST_039,PROD_007,2024-06-14,4,30000,Female,18-25,West,678.82,Sports,BrandD,344,0,0,3,3,3
CUST_045,PROD_001,2024-11-14,3,70000,Male,26-35,East,551.49,Clothing,BrandC,191,1,1,0,0,2
CUST_023,PROD_011,2024-05-11,4,90000,Male,18-25,South,831.47,Home,BrandB,378,1,0,2,2,1
CUST_049,PROD_014,2024-09-20,1,70000,Female,36-45,South,610.09,Home,BrandA,246,0,2,2,2,0
CUST_031,PROD_007,2024-02-24,1,90000,Female,36-45,South,298.23,Home,BrandC,455,0,2,2,2,2
CUST_046,PROD_006,2024-12-24,5,90000,Female,26-35,North,215.02,Clothing,BrandB,151,0,1,1,0,1
CUST_021,PROD_009,2024-05-10,5,50000,Female,18-25,South,160.8,Home,BrandA,379,0,0,2,2,0
CUST_022,PROD_009,2024-10-14,3,90000,Female,46-55,North,900.46,Home,BrandC,222,0,3,1,2,2
CUST_001,PROD_001,2024-09-22,2,50000,Female,18-25,North,713.03,Sports,BrandC,244,0,0,1,3,2
CUST_026,PROD_005,2024-06-10,4,50000,Male,36-45,West,938.0,Clothing,BrandB,348,1,2,3,0,1
CUST_041,PROD_005,2024-03-27,3,50000,Female,36-45,South,607.26,Electronics,BrandA,423,0,2,2,1,0
CUST_001,PROD_002,2024-02-24,5,30000,Male,18-25,South,478.67,Sports,BrandA,455,1,0,2,3,0
CUST_025,PROD_010,2024-10-14,4,30000,Male,18-25,East,69.12,Sports,BrandC,222,1,0,0,3,2
CUST_016,PROD_001,2024-06-26,5,90000,Female,46-55,West,674.93,Electronics,BrandC,332,0,3,3,1,2
CUST_039,PROD_011,2024-12-14,4,50000,Female,46-55,East,586.39,Sports,BrandC,161,0,3,0,3,2
CUST_032,PROD_000,2024-01-08,2,30000,Male,18-25,West,990.31,Clothing,BrandA,502,1,0,3,0,0
CUST_008,PROD_005,2024-11-16,3,50000,Female,18-25,South,246.77,Home,BrandB,189,0,0,2,2,1
CUST_042,PROD_011,2024-11-08,4,70000,Female,18-25,North,535.43,Clothing,BrandB,197,0,0,1,0,1
CUST_047,PROD_004,2024-09-03,1,70000,Male,18-25,North,654.45,Electronics,BrandA,263,1,0,1,1,0
CUST_038,PROD_013,2024-11-18,1,70000,Male,26-35,North,648.15,Electronics,BrandD,187,1,1,1,1,3
CUST_028,PROD_013,2024-09-11,4,90000,Male,18-25,North,565.68,Sports,BrandB,255,1,0,1,3,1
CUST_041,PROD_010,2024-11-23,4,50000,Female,46-55,North,779.16,Clothing,BrandC,182,0,3,1,0,2
CUST_025,PROD_008,2024-02-23,4,70000,Male,36-45,East,212.93,Clothing,BrandD,456,1,2,0,0,3
CUST_034,PROD_000,2024-09-05,1,30000,Female,26-35,West,728.37,Electronics,BrandD,261,0,1,3,1,3
CUST_049,PROD_014,2024-08-26,1,70000,Male,18-25,South,623.54,Clothing,BrandB,271,1,0,2,0,1
CUST_024,PROD_014,2024-08-16,4,70000,Male,36-45,East,897.11,Electronics,BrandD,281,1,2,0,1,3
CUST_023,PROD_006,2024-03-07,5,70000,Male,26-35,West,848.72,Clothing,BrandD,443,1,1,3,0,3
CUST_012,PROD_014,2024-02-20,5,90000,Female,36-45,North,322.0,Clothing,BrandB,459,0,2,1,0,1
CUST_006,PROD_004,2024-04-06,2,30000,Female,18-25,West,283.47,Clothing,BrandB,413,0,0,3,0,1
CUST_035,PROD_004,2024-04-01,3,50000,Male,18-25,West,981.84,Electronics,BrandD,418,1,0,3,1,3
CUST_044,PROD_013,2024-09-20,5,30000,Male,46-55,North,531.99,Sports,BrandC,246,1,3,1,3,2
CUST_019,PROD_001,2024-10-17,1,50000,Male,18-25,North,907.36,Clothing,BrandA,219,1,0,1,0,0
CUST_000,PROD_010,2024-04-05,5,90000,Female,18-25,North,172.24,Electronics,BrandD,414,0,0,1,1,3
CUST_007,PROD_002,2024-03-28,2,90000,Male,26-35,South,646.39,Electronics,BrandD,422,1,1,2,1,3
CUST_045,PROD_006,2024-03-18,2,90000,Female,46-55,North,811.76,Clothing,BrandC,432,0,3,1,0,2
CUST_015,PROD_005,2024-10-14,3,90000,Male,26-35,South,947.92,Clothing,BrandD,222,1,1,2,0,3
CUST_013,PROD_011,2024-04-29,5,50000,Male,36-45,North,343.97,Sports,BrandD,390,1,2,1,3,3
CUST_011,PROD_001,2024-10-28,1,70000,Male,18-25,South,727.73,Electronics,BrandA,208,1,0,2,1,0
CUST_022,PROD_005,2024-06-13,1,50000,Male,36-45,West,543.42,Electronics,BrandA,345,1,2,3,1,0
CUST_014,PROD_001,2024-06-30,4,30000,Male,26-35,East,70.02,Home,BrandA,328,1,1,0,2,0
CUST_027,PROD_001,2024-08-10,1,90000,Male,18-25,West,693.1,Electronics,BrandB,287,1,0,3,1,1
CUST_033,PROD_001,2024-11-06,3,90000,Female,18-25,West,693.2,Sports,BrandB,199,0,0,3,3,1
CUST_001,PROD_013,2024-01-07,3,30000,Male,26-35,North,931.3,Home,BrandA,503,1,1,1,2,0
CUST_031,PROD_014,2024-11-25,1,50000,Female,26-35,South,502.34,Home,BrandA,180,0,1,2,2,0
CUST_022,PROD_010,2024-09-19,1,70000,Male,26-35,East,237.95,Home,BrandB,247,1,1,0,2,1
CUST_021,PROD_002,2024-06-09,4,70000,Male,26-35,North,54.12,Clothing,BrandC,349,1,1,1,0,2
CUST_024,PROD_014,2024-05-30,1,30000,Female,26-35,North,421.49,Clothing,BrandD,359,0,1,1,0,3
CUST_021,PROD_001,2024-03-25,4,70000,Male,18-25,North,308.9,Electronics,BrandD,425,1,0,1,1,3
CUST_021,PROD_003,2024-05-26,4,50000,Female,26-35,West,763.48,Home,BrandA,363,0,1,3,2,0
CUST_048,PROD_008,2024-04-21,1,50000,Female,18-25,South,360.73,Sports,BrandC,398,0,0,2,3,2
CUST_041,PROD_005,2024-02-05,2,30000,Male,18-25,South,949.58,Clothing,BrandB,474,1,0,2,0,1
CUST_005,PROD_000,2024-10-11,2,50000,Female,26-35,East,962.69,Sports,BrandA,225,0,1,0,3,0
CUST_014,PROD_007,2024-07-06,4,90000,Female,26-35,South,624.7,Sports,BrandC,322,0,1,2,3,2
CUST_042,PROD_014,2024-03-22,1,30000,Male,46-55,South,929.37,Clothing,BrandC,428,1,3,2,0,2
CUST_036,PROD_011,2024-01-02,2,50000,Female,18-25,North,763.25,Clothing,BrandC,508,0,0,1,0,2
CUST_032,PROD_013,2024-10-29,1,30000,Male,26-35,North,551.39,Clothing,BrandB,207,1,1,1,0,1
CUST_007,PROD_006,2024-07-15,1,70000,Male,26-35,West,188.5,Clothing,BrandB,313,1,1,3,0,1
CUST_043,PROD_009,2024-01-11,1,50000,Male,26-35,North,464.01,Home,BrandD,499,1,1,1,2,3
CUST_043,PROD_002,2024-08-21,5,90000,Male,46-55,North,565.27,Home,BrandD,276,1,3,1,2,3
CUST_004,PROD_000,2024-07-13,1,50000,Female,46-55,North,865.32,Home,BrandC,315,0,3,1,2,2
CUST_038,PROD_004,2024-04-28,5,30000,Male,36-45,North,486.52,Home,BrandC,391,1,2,1,2,2
CUST_003,PROD_012,2024-01-20,4,30000,Male,18-25,West,898.7,Electronics,BrandB,490,1,0,3,1,1
CUST_005,PROD_003,2024-09-17,2,50000,Female,36-45,North,677.61,Home,BrandD,249,0,2,1,2,3
CUST_044,PROD_009,2024-10-19,2,90000,Male,26-35,East,145.63,Clothing,BrandC,217,1,1,0,0,2
CUST_031,PROD_007,2024-09-12,2,90000,Male,46-55,East,995.03,Sports,BrandD,254,1,3,0,3,3
CUST_029,PROD_000,2024-08-09,2,90000,Female,46-55,East,531.96,Home,BrandD,288,0,3,0,2,3
CUST_046,PROD_009,2024-08-13,2,30000,Female,36-45,East,397.94,Electronics,BrandC,284,0,2,0,1,2
CUST_034,PROD_000,2024-02-22,2,50000,Female,46-55,North,662.52,Clothing,BrandB,457,0,3,1,0,1
CUST_039,PROD_011,2024-12-20,2,70000,Female,26-35,East,117.8,Sports,BrandC,155,0,1,0,3,2
CUST_015,PROD_003,2024-12-07,4,30000,Female,46-55,North,640.17,Sports,BrandC,168,0,3,1,3,2
CUST_012,PROD_007,2024-12-29,1,90000,Female,36-45,West,503.25,Home,BrandD,146,0,2,3,2,3
CUST_049,PROD_004,2024-10-06,3,50000,Female,26-35,East,412.61,Sports,BrandC,230,0,1,0,3,2
CUST_041,PROD_001,2024-03-21,5,90000,Male,36-45,South,953.49,Home,BrandB,429,1,2,2,2,1
CUST_029,PROD_005,2024-07-20,3,70000,Female,46-55,East,527.31,Home,BrandC,308,0,3,0,2,2
CUST_018,PROD_004,2024-06-06,3,90000,Female,36-45,East,226.93,Clothing,BrandB,352,0,2,0,0,1
CUST_016,PROD_001,2024-04-29,1,90000,Female,36-45,North,464.37,Clothing,BrandB,390,0,2,1,0,1
CUST_018,PROD_012,2024-02-28,1,70000,Male,18-25,East,920.19,Electronics,BrandD,451,1,0,0,1,3
CUST_027,PROD_013,2024-08-02,1,50000,Male,46-55,South,184.33,Clothing,BrandA,295,1,3,2,0,0
CUST_025,PROD_010,2024-05-07,2,30000,Female,46-55,North,221.82,Clothing,BrandA,382,0,3,1,0,0
CUST_036,PROD_010,2024-08-11,4,50000,Female,36-45,North,22.9,Home,BrandD,286,0,2,1,2,3
CUST_025,PROD_010,2024-07-27,2,70000,Female,18-25,West,24.05,Clothing,BrandC,301,0,0,3,0,2
CUST_022,PROD_002,2024-04-24,4,90000,Male,46-55,West,831.1,Home,BrandD,395,1,3,3,2,3
CUST_008,PROD_014,2024-07-27,4,50000,Male,26-35,East,734.8,Home,BrandB,301,1,1,0,2,1
CUST_011,PROD_008,2024-01-14,3,30000,Female,36-45,West,361.49,Clothing,BrandA,496,0,2,3,0,0
CUST_000,PROD_006,2024-01-09,3,70000,Male,46-55,West,701.33,Electronics,BrandD,501,1,3,3,1,3
CUST_000,PROD_006,2024-02-09,4,50000,Female,26-35,West,401.25,Electronics,BrandC,470,0,1,3,1,2
CUST_046,PROD_014,2024-08-24,4,30000,Male,46-55,North,953.37,Sports,BrandD,273,1,3,1,3,3
CUST_033,PROD_010,2024-10-07,2,70000,Male,26-35,North,967.38,Sports,BrandA,229,1,1,1,3,0
CUST_031,PROD_005,2024-12-24,2,30000,Female,36-45,North,398.87,Clothing,BrandD,151,0,2,1,0,3
CUST_047,PROD_007,2024-07-19,3,70000,Female,46-55,West,855.68,Electronics,BrandD,309,0,3,3,1,3
CUST_024,PROD_003,2024-09-02,1,90000,Female,46-55,North,775.36,Home,BrandA,264,0,3,1,2,0
CUST_039,PROD_007,2024-10-04,4,50000,Female,18-25,West,316.9,Sports,BrandB,232,0,0,3,3,1
CUST_044,PROD_003,2024-08-22,2,30000,Male,36-45,North,239.72,Home,BrandB,275,1,2,1,2,1
CUST_000,PROD_007,2024-01-04,3,70000,Male,26-35,North,463.65,Sports,BrandA,506,1,1,1,3,0
CUST_015,PROD_008,2024-06-02,2,30000,Male,46-55,South,783.54,Clothing,BrandD,356,1,3,2,0,3
CUST_038,PROD_002,2024-01-29,4,30000,Female,46-55,East,960.57,Electronics,BrandA,481,0,3,0,1,0
CUST_004,PROD_002,2024-04-18,4,50000,Male,26-35,West,765.94,Sports,BrandB,401,1,1,3,3,1
CUST_021,PROD_010,2024-04-07,5,90000,Female,36-45,South,856.65,Electronics,BrandC,412,0,2,2,1,2
CUST_028,PROD_012,2024-08-02,1,30000,Male,18-25,North,607.03,Home,BrandD,295,1,0,1,2,3
CUST_002,PROD_001,2024-10-19,5,70000,Female,18-25,West,837.05,Clothing,BrandB,217,0,0,3,0,1
CUST_011,PROD_012,2024-03-15,3,70000,Female,46-55,North,786.58,Electronics,BrandD,435,0,3,1,1,3
CUST_025,PROD_009,2024-11-21,2,90000,Male,26-35,East,383.22,Clothing,BrandA,184,1,1,0,0,0
CUST_015,PROD_002,2024-05-25,3,70000,Female,46-55,South,556.47,Electronics,BrandC,364,0,3,2,1,2
CUST_036,PROD_002,2024-05-07,4,90000,Female,26-35,East,806.71,Home,BrandA,382,0,1,0,2,0
CUST_021,PROD_004,2024-12-06,5,70000,Male,18-25,South,55.6,Home,BrandC,169,1,0,2,2,2
CUST_028,PROD_004,2024-02-11,5,50000,Female,36-45,North,810.0,Clothing,BrandD,468,0,2,1,0,3
CUST_013,PROD_001,2024-12-21,5,30000,Female,26-35,East,186.11,Home,BrandD,154,0,1,0,2,3
CUST_027,PROD_011,2024-02-10,3,50000,Female,18-25,East,519.54,Sports,BrandA,469,0,0,0,3,0
CUST_004,PROD_009,2024-02-03,4,30000,Male,46-55,North,810.19,Electronics,BrandC,476,1,3,1,1,2
CUST_046,PROD_012,2024-01-17,2,30000,Male,26-35,East,261.28,Home,BrandC,493,1,1,0,2,2
CUST_048,PROD_005,2024-06-13,2,30000,Female,36-45,West,253.35,Sports,BrandD,345,0,2,3,3,3
CUST_029,PROD_004,2024-06-01,3,50000,Male,46-55,South,408.74,Clothing,BrandA,357,1,3,2,0,0
CUST_045,PROD_005,2024-03-16,5,30000,Female,46-55,South,895.7,Sports,BrandC,434,0,3,2,3,2
CUST_004,PROD_000,2024-03-27,1,50000,Female,18-25,South,10.44,Clothing,BrandD,423,0,0,2,0,3
CUST_011,PROD_004,2024-04-26,3,90000,Female,26-35,West,902.37,Clothing,BrandB,393,0,1,3,0,1
CUST_015,PROD_008,2024-12-27,3,70000,Female,46-55,South,162.27,Electronics,BrandA,148,0,3,2,1,0
CUST_025,PROD_011,2024-12-07,4,70000,Female,36-45,North,990.19,Electronics,BrandB,168,0,2,1,1,1
CUST_025,PROD_009,2024-01-27,2,30000,Male,26-35,East,955.3,Sports,BrandA,483,1,1,0,3,0
